user_input,retrieved_contexts,response,reference,context_precision,context_recall,faithfulness,answer_relevancy
Does the EU AI Act apply to AI systems developed outside the EU but used within the EU?,"['[source:knowledge_base\\EU AI Act.pdf] In light of their digital nature, certain AI systems should fall within the scope of this Regulation even when they are \nnot  placed  on  the  market,  put  into  service,  or  used  in  the  Union.  This  is  the  case,  for  example,  where  an  operator \nestablished  in  the  Union  contracts  certain  services  to  an  operator  established  in  a  third  country  in  relation  to  an \nactivity to be performed by an AI system that would qualify as high-risk. In those circumstances, the AI system used \nin  a  third  country  by  the  operator  could  process  data  lawfully  collected  in  and  transferred  from  the  Union,  and', '[source:knowledge_base\\EU AI Act.pdf] ‘(68) Regulation (EU) 2024/1689 of the European Parliament and of the Council of 13 June 2024 laying down harmonised \nrules on artificial  intelligence and amending Regulations (EC) No 300/2008, (EU) No 167/2013, (EU) No 168/2013, \n(EU)  2018/858,  (EU)  2018/1139  and  (EU)  2019/2144  and  Directives  2014/90/EU,  (EU)  2016/797  and  (EU) \n2020/1828 \n(OJ  L,  2024/1689,  12.7.2024,  ELI:  http://data.europa.eu/eli/reg/ \n2024/1689/oj).’.\n\nIntelligence  Act) \n\n(Artificial \n\nAI systems already placed on the market or put into service and general-purpose AI models already placed on the \nmarked\n\nArticle  111', '[source:knowledge_base\\EU AI Act.pdf] (b) deployers  of  AI  systems  that  have  their  place  of  establishment  or  are  located  within  the  Union;\n\n(c) providers and deployers of AI systems that have their place of establishment or are located in a third country, where the \n\noutput  produced  by  the  AI  system  is  used  in  the  Union;\n\n(d) importers  and  distributors  of  AI  systems;\n\n(e) product  manufacturers  placing  on  the  market  or  putting  into  service  an  AI  system  together  with  their  product  and \n\nunder  their  own  name  or  trademark;\n\n(f) authorised  representatives  of  providers,  which  are  not  established  in  the  Union;\n\n(g) affected  persons  that  are  located  in  the  Union.', '[source:knowledge_base\\EU AI Act.pdf] AI systems used  in  migration,  asylum  and border  control  management  affect  persons  who are  often  in particularly \nvulnerable position and who are dependent on the outcome of the actions of the competent public authorities. The \naccuracy,  non-discriminatory  nature  and  transparency  of  the  AI  systems  used  in  those  contexts  are  therefore \nparticularly  important  to  guarantee  respect  for  the  fundamental  rights  of  the  affected  persons,  in  particular  their \nrights  to  free  movement,  non-discrimination,  protection  of  private  life  and  personal  data,  international  protection', '[source:knowledge_base\\EU AI Act.pdf] This Regulation does not apply to AI systems which are not placed on the market or  put into service in the Union, where \nthe  output  is  used  in  the  Union  exclusively  for  military,  defence  or  national  security  purposes,  regardless  of  the  type  of \nentity  carrying  out  those  activities.', '[source:knowledge_base\\EU AI Act.pdf] a general-purpose AI model on the Union market should comply with this obligation, regardless of  the jurisdiction \nin which the copyright-relevant acts underpinning the training of  those general-purpose AI models take place. This \nis necessary to ensure a level playing field among providers of general-purpose AI models where no provider should \nbe  able  to  gain  a  competitive  advantage  in  the  Union  market  by  applying  lower  copyright  standards  than  those \nprovided  in  the  Union.']","Yes, the EU AI Act applies to AI systems developed outside the EU but used within the EU. 

**Source:** Does the EU AI Act apply to AI systems developed outside the EU but used within the EU?","Yes. It applies to providers and users in the EU, even if the system was developed elsewhere (Art. 2).",0.7222222221981481,1.0,1.0,0.9999989394248144
"Which AI systems used in law enforcement are classified as high-risk under the EU AI Act, and why?","['[source:knowledge_base\\EU AI Act.pdf] classify as high-risk, insofar as their use is permitted under relevant Union and national law, a number of AI systems \nintended  to  be  used  in  the  law  enforcement  context  where  accuracy,  reliability  and  transparency  is  particularly \nimportant to avoid adverse impacts, retain public trust and ensure accountability and effective redress. In view of the \nnature  of  the  activities  and  the  risks  relating  thereto,  those  high-risk  AI  systems  should  include  in  particular  AI \nsystems intended to be used by or on behalf of  law enforcement authorities or by Union institutions, bodies, offices,', '[source:knowledge_base\\EU AI Act.pdf] Certain  AI  systems  intended  for  the  administration  of  justice  and  democratic  processes  should  be  classified  as \nhigh-risk, considering their potentially significant impact on democracy, the rule of  law, individual freedoms as well \nas the right to an effective remedy and to a fair  trial. In particular, to address the risks of potential biases, errors and \nopacity, it is appropriate to qualify as high-risk AI systems intended to be used by a judicial authority or on its behalf \nto assist judicial authorities in researching and interpreting facts and the law and in applying the law to a concrete set', '[source:knowledge_base\\EU AI Act.pdf] AI systems used  in  migration,  asylum  and border  control  management  affect  persons  who are  often  in particularly \nvulnerable position and who are dependent on the outcome of the actions of the competent public authorities. The \naccuracy,  non-discriminatory  nature  and  transparency  of  the  AI  systems  used  in  those  contexts  are  therefore \nparticularly  important  to  guarantee  respect  for  the  fundamental  rights  of  the  affected  persons,  in  particular  their \nrights  to  free  movement,  non-discrimination,  protection  of  private  life  and  personal  data,  international  protection', '[source:knowledge_base\\EU AI Act.pdf] AI  systems  used  in  employment,  workers  management  and  access  to  self-employment,  in  particular  for  the \nrecruitment  and  selection  of  persons,  for  making  decisions  affecting  terms  of  the  work-related  relationship, \npromotion and termination of work-related contractual relationships, for allocating tasks  on the basis of  individual \nbehaviour, personal traits or characteristics and for monitoring or evaluation of persons in work-related contractual \nrelationships,  should  also  be  classified  as  high-risk,  since  those  systems  may  have  an  appreciable  impact  on  future', '[source:knowledge_base\\EU AI Act.pdf] protected under  Article  9(1) of  Regulation (EU)  2016/679  on  the basis  of biometric data, in  so  far as  these  are  not \nprohibited  under  this  Regulation,  and  emotion  recognition  systems  that  are  not  prohibited  under  this  Regulation, \nshould be classified as high-risk. Biometric systems which are intended to be used solely for the purpose of enabling \ncybersecurity  and  personal  data  protection  measures  should  not  be  considered  to  be  high-risk  AI  systems.', '[source:knowledge_base\\EU AI Act.pdf] Given  their  role and  responsibility,  actions  by  law  enforcement  authorities  involving  certain  uses  of  AI  systems are \ncharacterised  by  a  significant  degree  of  power  imbalance  and  may  lead  to  surveillance,  arrest  or  deprivation  of \na  natural  person’s  liberty  as  well  as  other  adverse  impacts  on  fundamental  rights  guaranteed  in  the  Charter.  In \nparticular, if the AI system is not trained with high-quality data, does not meet adequate requirements in terms of its \nperformance,  its  accuracy or  robustness,  or  is  not  properly  designed  and  tested  before  being  put  on  the  market or']","AI systems used in law enforcement classified as high-risk under the EU AI Act include those involved in ""remote biometric identification systems."" They are considered high-risk due to their potential to significantly affect individuals' rights and freedoms. Specifically, these systems can intrude on privacy, result in biased outcomes, and impact fundamental rights such as freedom of expression and protection from discrimination. This classification aims to ensure robust oversight and compliance with legal and ethical standards.

Fonte: EU AI Act.","AI systems used by or on behalf of law enforcement are classified as high-risk because they can affect fundamental rights such as liberty, non-discrimination, fair trial, and presumption of innocence. High-risk systems include tools like polygraphs, systems assessing a person’s risk of becoming a victim or reoffending, systems for profiling during investigations, and tools for evaluating the reliability of evidence. These require high accuracy, reliability, and transparency to avoid discrimination, wrongful outcomes, and erosion of public trust.",0.6666666666333333,0.6666666666666666,0.0,0.9875267149104215
"Who supervises and enforces obligations on providers of general-purpose AI models under the EU AI Act, and how is this done","['[source:knowledge_base\\EU AI Act.pdf] Supervision,  investigation,  enforcement  and  monitoring  in  respect  of  providers  of  general-purpose  AI  models\n\nSECTION  5\n\nEnforcement  of  the  obligations  of  providers  of  general-purpose  AI  models\n\nArticle  88\n\n1.\nThe Commission shall have exclusive powers to supervise and enforce Chapter V, taking into account the procedural \nguarantees  under  Article  94.  The  Commission  shall  entrust  the  implementation  of  these  tasks  to  the  AI  Office,  without \nprejudice  to  the  powers  of organisation  of  the  Commission  and  the  division  of  competences  between  Member  States  and \nthe  Union  based  on  the  Treaties.', '[source:knowledge_base\\EU AI Act.pdf] (109) Compliance with the obligations applicable to the providers of general-purpose AI models should be commensurate \nand proportionate to the type of model provider, excluding the need for compliance for persons who develop or use \nmodels  for  non-professional  or  scientific  research purposes,  who  should  nevertheless  be  encouraged  to voluntarily \ncomply  with  these  requirements.  Without  prejudice  to  Union  copyright  law,  compliance  with  those  obligations \nshould  take  due  account  of  the  size  of  the  provider  and  allow  simplified  ways  of  compliance  for  SMEs,  including', '[source:knowledge_base\\EU AI Act.pdf] 2019/1020 and should exercise their powers and carry out their duties independently, impartially and without bias. \nAlthough the majority of AI systems are not subject to specific requirements and obligations under  this Regulation, \nmarket  surveillance  authorities  may  take  measures  in  relation  to  all  AI  systems  when  they  present  a  risk  in \naccordance with this Regulation. Due to the specific nature of Union institutions, agencies and bodies falling within \nthe scope of  this Regulation, it is appropriate to designate the European Data Protection Supervisor as a competent', '[source:knowledge_base\\EU AI Act.pdf] (161)\n\nIt is necessary to clarify the responsibilities and competences at Union and national level as regards AI systems that \nare  built  on  general-purpose  AI  models.  To  avoid  overlapping  competences,  where  an  AI  system  is  based  on \na  general-purpose  AI  model  and  the  model  and  system  are  provided  by  the  same  provider,  the  supervision  should \n\n(49)\n\n(50)\n\n(51)\n\n(52)', '[source:knowledge_base\\EU AI Act.pdf] Obligations  for  providers  of  general-purpose  AI  models\n\n1.\n\nProviders  of  general-purpose  AI  models  shall:\n\n(a) draw up  and keep up-to-date the technical documentation of  the model, including  its  training and testing process and \nthe results of its evaluation, which shall contain, at a minimum, the information set out in Annex XI for the purpose of \nproviding  it,  upon  request,  to  the  AI  Office  and  the  national  competent  authorities;', '[source:knowledge_base\\EU AI Act.pdf] monitoring activities, or upon request from market surveillance authorities in line with the conditions set out in this \nRegulation.  To  support effective  monitoring  of  the AI  Office, it  should provide for  the possibility  that downstream \nproviders lodge complaints about possible infringements of the rules on providers of general-purpose AI models and \nsystems.']","Under the EU AI Act, the supervision and enforcement of obligations on providers of general-purpose AI models are carried out by national competent authorities designated by each Member State. Additionally, a European Artificial Intelligence Board (EAIB) is established to facilitate consistent application of the regulation across the EU.

**Source:** EU AI Act.","Supervision and enforcement of obligations on providers of general-purpose AI models fall under the competence of the European Commission, through the AI Office. The AI Office can monitor compliance, investigate infringements on its own or at the request of market surveillance authorities, and receive complaints from downstream providers about possible rule violations.",0.6666666666333333,1.0,0.0,0.9773445205233533
What happens when the scientific panel issues a qualified alert under Article 90 of the EU AI Act?,"['[source:knowledge_base\\EU AI Act.pdf] Article  90\n\nAlerts  of  systemic  risks  by  the  scientific  panel\n\n1.\n\nThe  scientific  panel  may  provide  a  qualified  alert  to  the  AI  Office  where  it  has  reason  to  suspect  that:\n\n(a) a  general-purpose  AI  model  poses  concrete  identifiable  risk  at  Union  level;  or\n\n(b) a  general-purpose  AI  model  meets  the  conditions  referred  to  in  Article  51.\n\n2.\nUpon such qualified alert, the Commission, through the AI Office and after having informed the Board, may exercise \nthe powers laid  down in  this  Section  for  the  purpose  of assessing  the matter. The  AI  Office  shall  inform  the Board of any \nmeasure  according  to  Articles  91  to  94.\n\n3.', '[source:knowledge_base\\EU AI Act.pdf] Article  68\n\nScientific  panel  of  independent  experts\n\n1.\nThe Commission shall, by means of an implementing act, make provisions on the establishment of a scientific panel \nof  independent  experts  (the  ‘scientific  panel’)  intended  to  support  the  enforcement  activities  under  this  Regulation.  That \nimplementing  act  shall  be  adopted  in  accordance  with  the  examination  procedure  referred  to  in  Article  98(2).', '[source:knowledge_base\\EU AI Act.pdf] 9.\nFor high-risk AI systems referred to in Annex III that are placed on the market or put into service by providers that are \nsubject to Union legislative instruments laying down reporting obligations equivalent to those set out in this Regulation, the \nnotification  of  serious  incidents  shall  be  limited  to  those  referred  to  in  Article  3,  point  (49)(c).', '[source:knowledge_base\\EU AI Act.pdf] 1.\nArticle  21(6)  of  Regulation  (EU)  2019/1020  in  the  area  of  AI.\n\n2. Without  prejudice  to  the  tasks  referred  to  in  paragraph  1,  Union  AI  testing  support  structures  shall  also  provide \nindependent technical or scientific advice at the request of the Board, the Commission, or of market surveillance authorities.\n\nELI:  http://data.europa.eu/eli/reg/2024/1689/oj\n\n109/144\n\x0cEN\n\nOJ  L,  12.7.2024\n\nSECTION  4\n\nRemedies\n\nArticle  85\n\nRight  to  lodge  a  complaint  with  a  market  surveillance  authority', '[source:knowledge_base\\EU AI Act.pdf] a  qualified  alert  from  the  scientific  panel  in  accordance  with  Article  90(1),  point  (a).\n\nThe Commission may decide to appoint independent experts to carry out evaluations on its behalf, including from the \n2.\nscientific  panel  established  pursuant  to  Article  68.  Independent  experts  appointed  for  this  task  shall  meet  the  criteria \noutlined  in  Article  68(2).\n\nFor  the  purposes  of  paragraph  1,  the  Commission  may  request  access  to  the  general-purpose  AI  model  concerned \n\n3.\nthrough  APIs  or  further  appropriate  technical  means  and  tools,  including  source  code.', '[source:knowledge_base\\EU AI Act.pdf] 3. Where a notified body finds that an AI system no longer meets the requirements set out in Section 2, it shall, taking \naccount of  the  principle  of  proportionality, suspend  or  withdraw  the certificate  issued  or  impose restrictions  on  it,  unless \ncompliance with those requirements is ensured by appropriate corrective action taken by the provider of the system within \nan  appropriate  deadline  set  by  the  notified  body.  The  notified  body  shall  give  reasons  for  its  decision.\n\nAn appeal procedure against decisions of the notified bodies, including on conformity certificates issued, shall be available.\n\nArticle  45\n\nInformation  obligations  of  notified  bodies\n\n1.']","When the scientific panel issues a qualified alert under Article 90 of the EU AI Act, this triggers specific actions aimed at addressing risks related to AI systems. 

Source: CONTENUTO","If the scientific panel suspects a general-purpose AI model poses a concrete risk at Union level or meets the conditions of Article 51, it may issue a qualified alert to the AI Office. The Commission, via the AI Office, can then assess the matter and may exercise its powers under Articles 91–94, informing the Board. The alert must be reasoned and include the provider’s contact, relevant facts, reasons for concern, and any other relevant information.",0.9999999999,0.6666666666666666,1.0,0.9999986731556817
